date,cum_total,cum_full,cum_partial,new_per_day
2023-04-11,616454,566447,50007,0
2023-04-12,617407,567397,50010,953
2023-04-13,620003,569979,50024,2596
2023-04-14,621959,571923,50036,1956
2023-04-15,623475,573427,50048,1516
2023-04-16,624500,574448,50052,1025
2023-04-17,626048,575989,50059,1548
2023-04-18,627435,577349,50086,1387
2023-04-19,629021,578921,50100,1586
2023-04-20,629679,579577,50102,658
2023-04-21,635307,585185,50122,5628
2023-04-22,637234,587108,50126,1927
2023-04-23,638932,588796,50136,1698
2023-04-24,639115,588969,50146,183
2023-04-25,639229,589059,50170,114
2023-04-26,639364,589183,50181,135
2023-04-27,639500,589310,50190,136
2023-04-28,640556,590359,50197,1056
2023-04-29,642338,592116,50222,1782
2023-04-30,643561,593333,50228,1223
2023-05-01,643880,593643,50237,319
2023-05-02,644010,593766,50244,130
2023-05-03,644155,593877,50278,145
2023-05-04,645820,595527,50293,1665
2023-05-05,649242,598941,50301,3422
2023-05-06,650935,600619,50316,1693
2023-05-07,652164,601839,50325,1229
2023-05-08,652725,602393,50332,561
2023-05-09,653779,603397,50382,1054
2023-05-10,654051,603668,50383,272
2023-05-11,656905,606508,50397,2854
2023-05-12,660644,610237,50407,3739
2023-05-13,662394,611983,50411,1750
2023-05-14,663916,613499,50417,1522
2023-05-15,664541,614119,50422,625
2023-05-16,666105,615669,50436,1564
2023-05-17,667325,616878,50447,1220
2023-05-18,668603,618143,50460,1278
2023-05-19,670496,620025,50471,1893
2023-05-20,672151,621661,50490,1655
2023-05-21,672751,622259,50492,600
2023-05-22,673473,622977,50496,722
2023-05-23,674723,624211,50512,1250
2023-05-24,675928,625397,50531,1205
2023-05-25,677598,627054,50544,1670
2023-05-26,678717,628166,50551,1119
2023-05-27,680032,629453,50579,1315
2023-05-28,680773,630188,50585,741
2023-05-29,682454,631852,50602,1681
2023-05-30,684003,633383,50620,1549
2023-05-31,685435,634796,50639,1432
2023-06-01,686745,636089,50656,1310
2023-06-02,687981,637318,50663,1236
2023-06-03,689327,638658,50669,1346
2023-06-04,690057,639380,50677,730
2023-06-05,690698,640012,50686,641
2023-06-06,692112,641401,50711,1414
2023-06-07,693926,643135,50791,1814
2023-06-08,695228,644425,50803,1302
2023-06-09,696419,645611,50808,1191
2023-06-10,697488,646671,50817,1069
2023-06-11,698106,647284,50822,618
2023-06-12,699195,648366,50829,1089
2023-06-13,701382,650548,50834,2187
2023-06-14,702518,651670,50848,1136
2023-06-15,703577,652729,50848,1059
2023-06-16,706403,655526,50877,2826
2023-06-17,707684,656799,50885,1281
2023-06-18,708415,657520,50895,731
2023-06-19,709170,658268,50902,755
2023-06-20,710697,659787,50910,1527
2023-06-21,711876,660960,50916,1179
2023-06-22,712833,661915,50918,957
2023-06-23,714481,663528,50953,1648
2023-06-24,715464,664503,50961,983
2023-06-25,715895,664933,50962,431
2023-06-26,716447,665478,50969,552
2023-06-27,717622,666644,50978,1175
2023-06-28,718591,667610,50981,969
2023-06-29,720105,669105,51000,1514
2023-06-30,721134,670127,51007,1029
2023-07-01,722315,671301,51014,1181
2023-07-02,722965,671937,51028,650
2023-07-03,723686,672638,51048,721
2023-07-04,724973,673924,51049,1287
2023-07-05,725827,674771,51056,854
2023-07-06,726893,675828,51065,1066
2023-07-07,728110,677029,51081,1217
2023-07-08,729444,678290,51154,1334
2023-07-09,730321,678891,51430,877
2023-07-10,731116,679554,51562,795
2023-07-11,732295,680722,51573,1179
2023-07-12,733622,682042,51580,1327
2023-07-13,733793,682212,51581,171
2023-07-14,733793,682212,51581,0
2023-07-15,733793,682212,51581,0
2023-07-16,733793,682212,51581,0
2023-07-17,733793,682212,51581,0
2023-07-18,733793,682212,51581,0
2023-07-19,733793,682212,51581,0
2023-07-20,733793,682212,51581,0
2023-07-21,733793,682212,51581,0
2023-07-22,733793,682212,51581,0
2023-07-23,733793,682212,51581,0
2023-07-24,733793,682212,51581,0
2023-07-25,733793,682212,51581,0
2023-07-26,733793,682212,51581,0
2023-07-27,733793,682212,51581,0
2023-07-28,733793,682212,51581,0
2023-07-29,750856,698308,52548,17063
2023-07-30,753722,699438,54284,2866
2023-07-31,756335,700263,56072,2613
2023-08-01,757808,700926,56882,1473
2023-08-02,762193,703452,58741,4385
2023-08-03,765006,704841,60165,2813
2023-08-04,767970,706323,61647,2964
2023-08-05,771174,708050,63124,3204
2023-08-06,773181,708751,64430,2007
2023-08-07,775315,709727,65588,2134
2023-08-08,777796,711317,66479,2481
2023-08-09,780025,712763,67262,2229
2023-08-10,782095,714284,67811,2070
2023-08-11,782328,714492,67836,233
2023-08-12,787690,717762,69928,5362
2023-08-13,790388,718979,71409,2698
2023-08-14,792544,719893,72651,2156
2023-08-15,799074,721874,77200,6530
2023-08-16,805343,723650,81693,6269
2023-08-17,806359,723916,82443,1016
2023-08-18,806359,723916,82443,0
2023-08-19,856594,730706,125888,50235
2023-08-20,862575,732059,130516,5981
2023-08-21,864452,732795,131657,1877
2023-08-22,864813,732986,131827,361
2023-08-23,864813,732986,131827,0
2023-08-24,864813,732986,131827,0
2023-08-25,864813,732986,131827,0
2023-08-26,864813,732986,131827,0
2023-08-27,864813,732986,131827,0
2023-08-28,864813,732986,131827,0
2023-08-29,864813,732986,131827,0
2023-08-30,864813,732986,131827,0
2023-08-31,864813,732986,131827,0
2023-09-01,864813,732986,131827,0
2023-09-02,864813,732986,131827,0
2023-09-03,864813,732986,131827,0
2023-09-04,864813,732986,131827,0
2023-09-06,864813,732986,131827,0
2023-09-07,864813,732986,131827,0
2023-09-08,864813,732986,131827,0
2023-09-09,864813,732986,131827,0
2023-09-10,864813,732986,131827,0
2023-09-11,864813,732986,131827,0
2023-09-12,864813,732986,131827,0
2023-09-13,1005744,756627,249117,140931
2023-09-14,1007414,757509,249905,1670
2023-09-15,1008763,757825,250938,1349
2023-09-16,1010328,758358,251970,1565
2023-09-17,1010616,758453,252163,288
2023-09-18,1011970,758662,253308,1354
2023-09-19,1014435,759065,255370,2465
2023-09-20,1112818,771519,341299,98383
2023-09-21,1114290,771831,342459,1472
2023-09-22,1115621,772096,343525,1331
2023-09-23,1116767,772292,344475,1146
2023-09-24,1117791,772420,345371,1024
2023-09-25,1118792,772514,346278,1001
2023-09-26,1120075,772727,347348,1283
2023-09-27,1121313,772902,348411,1238
2023-09-28,1122421,773117,349304,1108
2023-09-29,1123794,773326,350468,1373
2023-09-30,1125680,774046,351634,1886
2023-10-02,1128192,775268,352924,2512
2023-10-03,1130053,776008,354045,1861
2023-10-04,1131620,776255,355365,1567
2023-10-06,1134051,776747,357304,2431
2023-10-07,1135502,776991,358511,1451
2023-10-08,1136903,777232,359671,1401
2023-10-09,1138505,777489,361016,1602
2023-10-10,1140401,778331,362070,1896
2023-10-11,1141898,778756,363142,1497
2023-10-12,1144561,780214,364347,2663
2023-10-13,1147342,781661,365681,2781
2023-10-15,1152386,783937,368449,5044
2023-10-16,1154253,784568,369685,1867
2023-10-17,1156801,785913,370888,2548
2023-10-18,1159586,787382,372204,2785
2023-10-19,1162481,789032,373449,2895
2023-10-20,1164047,789695,374352,1566
2023-10-22,1167258,791721,375537,3211
2023-10-23,1168147,792175,375972,889
2023-10-24,1169754,793119,376635,1607
2023-10-25,1171675,794430,377245,1921
2023-10-26,1173501,795719,377782,1826
2023-10-27,1175451,797173,378278,1950
2023-10-29,1180194,799944,380250,4743
2023-10-30,1183352,801190,382162,3158
2023-10-31,1187395,803531,383864,4043
2023-11-01,1189899,805288,384611,2504
2023-11-02,1191665,806426,385239,1766
2023-11-03,1193415,807741,385674,1750
2023-11-04,1195353,809127,386226,1938
2023-11-05,1196534,809833,386701,1181
2023-11-06,1197277,810183,387094,743
2023-11-07,1198655,811200,387455,1378
2023-11-08,1200954,812743,388211,2299
2023-11-09,1202896,814010,388886,1942
2023-11-10,1204672,815120,389552,1776
2023-11-11,1205992,815961,390031,1320
2023-11-12,1206668,816362,390306,676
2023-11-13,1208441,817321,391120,1773
2023-11-14,1211188,818996,392192,2747
2023-11-15,1215114,821211,393903,3926
2023-11-16,1217222,822469,394753,2108
2023-11-17,1218814,823429,395385,1592
2023-11-18,1220512,824468,396044,1698
2023-11-19,1222819,825476,397343,2307
2023-11-20,1225822,826484,399338,3003
2023-11-21,1227739,827628,400111,1917
2023-11-22,1230693,829395,401298,2954
2023-11-23,1235035,831543,403492,4342
2023-11-24,1236659,832523,404136,1624
2023-11-25,1238915,833879,405036,2256
2023-11-26,1240310,834504,405806,1395
2023-11-27,1241536,835015,406521,1226
2023-11-28,1243551,836356,407195,2015
2023-11-29,1245382,837672,407710,1831
2023-11-30,1247126,838961,408165,1744
2023-12-01,1249077,840308,408769,1951
2023-12-02,1250812,841503,409309,1735
2023-12-03,1252025,842188,409837,1213
2023-12-04,1253066,842775,410291,1041
2023-12-05,1254605,843849,410756,1539
2023-12-06,1256973,845450,411523,2368
2023-12-07,1258978,846798,412180,2005
2023-12-08,1262855,848752,414103,3877
2023-12-09,1266014,850243,415771,3159
2023-12-10,1268681,851375,417306,2667
2023-12-11,1271197,852301,418896,2516
2023-12-12,1274228,853769,420459,3031
2023-12-13,1277137,855287,421850,2909
2023-12-14,1289778,857705,432073,12641
2023-12-15,1305481,859767,445714,15703
2023-12-16,1315469,862236,453233,9988
2023-12-17,1325411,866459,458952,9942
2023-12-18,1348313,874978,473335,22902
2023-12-19,1354317,876701,477616,6004
2023-12-21,1369621,880608,489013,15304
2023-12-22,1373619,881787,491832,3998
2023-12-23,1373619,881787,491832,0
2023-12-24,1373619,881787,491832,0
2023-12-25,1373619,881787,491832,0
2023-12-26,1373619,881787,491832,0
2023-12-27,1373619,881787,491832,0
2023-12-28,1373619,881787,491832,0
2023-12-29,1373619,881787,491832,0
2023-12-30,1373619,881787,491832,0
2023-12-31,1373619,881787,491832,0
2024-01-01,1373619,881787,491832,0
2024-01-02,1373619,881787,491832,0
2024-01-03,1373619,881787,491832,0
2024-01-04,1373619,881787,491832,0
2024-01-05,1373619,881787,491832,0
2024-01-06,1373619,881787,491832,0
2024-01-07,1373619,881787,491832,0
2024-01-08,1373619,881787,491832,0
2024-01-09,1373619,881787,491832,0
2024-01-10,1519517,908191,611326,145898
2024-01-11,1525820,910535,615285,6303
2024-01-12,1530658,912333,618325,4838
2024-01-13,1547030,914357,632673,16372
2024-01-14,1556361,915709,640652,9331
2024-01-15,1569341,916807,652534,12980
2024-01-16,1583066,918295,664771,13725
2024-01-17,1595835,920174,675661,12769
2024-01-18,1602789,922060,680729,6954
2024-01-19,1607004,923678,683326,4215
2024-01-20,1617731,925756,691975,10727
2024-01-21,1636168,927692,708476,18437
2024-01-22,1647491,929350,718141,11323
2024-01-23,1656889,931768,725121,9398
2024-01-24,1665190,934588,730602,8301
2024-01-25,1672531,937635,734896,7341
2024-01-26,1679553,940274,739279,7022
2024-01-27,1687742,942939,744803,8189
2024-01-28,1694912,945036,749876,7170
2024-01-29,1700549,947029,753520,5637
2024-01-30,1706085,949195,756890,5536
2024-01-31,1711247,951433,759814,5162
2024-02-01,1717817,953750,764067,6570
2024-02-02,1726761,957157,769604,8944
2024-02-03,1736408,960711,775697,9647
2024-02-04,1745206,962916,782290,8798
2024-02-05,1755709,965139,790570,10503
2024-02-06,1765615,967543,798072,9906
2024-02-07,1774102,971397,802705,8487
2024-02-08,1782175,975352,806823,8073
2024-02-09,1790923,978608,812315,8748
2024-02-10,1799646,982268,817378,8723
2024-02-11,1814166,985480,828686,14520
2024-02-12,1825405,988666,836739,11239
2024-02-13,1833786,991683,842103,8381
2024-02-14,1853079,996543,856536,19293
2024-02-15,1883354,1001772,881582,30275
2024-02-16,1912491,1007223,905268,29137
2024-02-17,1933382,1010778,922604,20891
2024-02-18,1951548,1013747,937801,18166
2024-02-19,1971114,1017668,953446,19566
2024-02-20,1994760,1021940,972820,23646
2024-02-21,2020306,1026738,993568,25546
2024-02-22,2053180,1033293,1019887,32874
2024-02-23,2117972,1039344,1078628,64792
2024-02-24,2211728,1043730,1167998,93756
2024-02-25,2282544,1049948,1232596,70816
2024-02-26,2309221,1052338,1256883,26677
2024-02-27,2365713,1055650,1310063,56492
2024-02-28,2427022,1061900,1365122,61309
2024-02-29,2472543,1066700,1405843,45521
2024-03-01,2501383,1069027,1432356,28840
2024-03-02,2530682,1071316,1459366,29299
2024-03-03,2560509,1072864,1487645,29827
2024-03-04,2583386,1074210,1509176,22877
2024-03-05,2609048,1076246,1532802,25662
2024-03-06,2646284,1078910,1567374,37236
2024-03-07,2679094,1081411,1597683,32810
2024-03-08,2687322,1082592,1604730,8228
2024-03-09,2705934,1085097,1620837,18612
2024-03-10,2722793,1087402,1635391,16859
2024-03-11,2743264,1089014,1654250,20471
2024-03-12,2743264,1089014,1654250,0
2024-03-13,2776893,1093240,1683653,33629
2024-03-14,2776893,1093240,1683653,0
2024-03-15,2811658,1098273,1713385,34765
2024-03-16,2830410,1100769,1729641,18752
2024-03-17,2847867,1102744,1745123,17457
2024-03-18,2862027,1103961,1758066,14160
2024-03-19,2879131,1105267,1773864,17104
2024-03-20,2900804,1107318,1793486,21673
2024-03-21,2922237,1110116,1812121,21433
2024-03-22,2922237,1110116,1812121,0
2024-03-23,2957735,1114338,1843397,35498
2024-03-24,2979856,1116637,1863219,22121
2024-03-25,3000132,1117916,1882216,20276
2024-03-26,3018156,1119970,1898186,18024
2024-03-27,3018156,1119970,1898186,0
2024-03-28,3077959,1125837,1952122,59803
2024-03-29,3077959,1125837,1952122,0
2024-03-30,3129528,1130455,1999073,51569
2024-03-31,3129528,1130455,1999073,0
2024-04-01,3181858,1133773,2048085,52330
2024-04-02,3181858,1133773,2048085,0
2024-04-03,3240597,1138124,2102473,58739
2024-04-04,3240597,1138124,2102473,0
2024-04-05,3289585,1143265,2146320,48988
2024-04-06,3648418,1213231,2435187,358833
2024-04-07,3714838,1218954,2495884,66420
2024-04-08,3714838,1218954,2495884,0
2024-04-09,3773364,1224089,2549275,58526
2024-04-10,3773364,1224089,2549275,0
2024-04-11,3838200,1230174,2608026,64836
2024-04-12,3838200,1230174,2608026,0
2024-04-13,3892867,1235764,2657103,54667
2024-04-14,3892867,1235764,2657103,0
2024-04-15,3937435,1238836,2698599,44568
2024-04-16,3937435,1238836,2698599,0
2024-04-17,3937435,1238836,2698599,0
2024-04-18,3987452,1243282,2744170,50017
2024-04-19,3987452,1243282,2744170,0
2024-04-20,4035589,1248940,2786649,48137
2024-04-21,4035589,1248940,2786649,0
2024-04-22,4108502,1253669,2854833,72913
2024-04-23,4108502,1253669,2854833,0
2024-04-24,4167515,1257903,2909612,59013
2024-04-30,4240027,1124696,3115331,72512
2024-05-01,4240027,1124696,3115331,0
2024-05-02,4324066,1130056,3194010,84039
2024-05-03,4324066,1130056,3194010,0
2024-05-04,4381325,1134964,3246361,57259
2024-05-05,4381325,1134964,3246361,0
2024-05-06,4438891,1138578,3300313,57566
2024-05-07,4438891,1138578,3300313,0
2024-05-08,4468860,1141795,3327065,29969
2024-05-09,4468860,1141795,3327065,0
2024-05-10,4477202,1147010,3330192,8342
2024-05-11,4477202,1147010,3330192,0
2024-05-12,4483530,1150589,3332941,6328
2024-05-13,4483530,1150589,3332941,0
2024-05-14,4489415,1153553,3335862,5885
2024-05-15,4489415,1153553,3335862,0
2024-05-16,4499784,1158847,3340937,10369
2024-05-17,4499784,1158847,3340937,0
2024-05-18,4513069,1165407,3347662,13285
2024-05-19,4513069,1165407,3347662,0
2024-05-20,4522650,1170259,3352391,9581
2024-05-21,4522650,1170259,3352391,0
2024-05-22,4532011,1174640,3357371,9361
2024-05-23,4532011,1174640,3357371,0
2024-05-24,4541708,1179281,3362427,9697
2024-05-25,4541708,1179281,3362427,0
2024-05-26,4549702,1182622,3367080,7994
2024-05-27,4549702,1182622,3367080,0
2024-05-28,4555616,1185454,3370162,5914
2024-05-29,4555616,1185454,3370162,0
2024-05-30,4564308,1190338,3373970,8692
2024-05-31,4564308,1190338,3373970,0
2024-06-01,4573285,1194999,3378286,8977
2024-06-02,4573285,1194999,3378286,0
2024-06-03,4580967,1198352,3382615,7682
2024-06-04,4580967,1198352,3382615,0
2024-06-05,4588342,1202044,3386298,7375
2024-06-06,4588342,1202044,3386298,0
2024-06-07,4594710,1205556,3389154,6368
2024-06-08,722108,711995,10113,-3872602
2024-06-09,1112325,773756,338569,390217
2024-06-10,1116456,774591,341865,4131
2024-06-11,1116456,774591,341865,0
2024-06-12,1116456,774591,341865,0
2024-06-13,1116456,774591,341865,0
2024-06-14,1116456,774591,341865,0
2024-06-15,1116456,774591,341865,0
2024-06-16,4790046,1369691,3420355,3673590
2024-06-17,4790046,1369691,3420355,0
2024-06-18,4799431,1373709,3425722,9385
2024-06-19,4799431,1373709,3425722,0
2024-06-20,4825922,1396209,3429713,26491
2024-06-21,4825922,1396209,3429713,0
2024-06-22,4887279,1449979,3437300,61357
2024-06-23,4887279,1449979,3437300,0
2024-06-24,4887279,1449979,3437300,0
2024-06-25,4952974,1454092,3498882,65695
2024-06-26,4952974,1454092,3498882,0
2024-06-27,4959091,1456924,3502167,6117
2024-06-28,4959091,1456924,3502167,0
2024-06-29,4966062,1460322,3505740,6971
2024-06-30,4966062,1460322,3505740,0
2024-07-01,4971461,1462622,3508839,5399
2024-07-02,4971461,1462622,3508839,0
2024-07-03,4977193,1464702,3512491,5732
2024-07-04,4977193,1464702,3512491,0
2024-07-05,4977193,1464702,3512491,0
2024-07-06,4988062,1469822,3518240,10869
2024-07-07,4988062,1469822,3518240,0
2024-07-08,4988062,1469822,3518240,0
2024-07-09,5000414,1474738,3525676,12352
2024-07-10,5000414,1474738,3525676,0
2024-07-11,5000414,1474738,3525676,0
2024-07-12,5013379,1481068,3532311,12965
2024-07-13,5013379,1481068,3532311,0
2024-07-14,5013379,1481068,3532311,0
2024-07-15,5013379,1481068,3532311,0
2024-07-16,5024714,1486825,3537889,11335
2024-07-17,5024714,1486825,3537889,0
2024-07-18,5024714,1486825,3537889,0
2024-07-19,5038870,1494211,3544659,14156
2024-07-20,5038870,1494211,3544659,0
2024-07-21,5038870,1494211,3544659,0
2024-07-22,5053726,1501605,3552121,14856
2024-07-23,5053726,1501605,3552121,0
2024-07-24,5053726,1501605,3552121,0
2024-07-25,5061404,1504260,3557144,7678
2024-07-26,5061404,1504260,3557144,0
2024-07-27,5071035,1509865,3561170,9631
2024-07-28,5071035,1509865,3561170,0
2024-07-29,5071035,1509865,3561170,0
2024-07-30,5096417,1527440,3568977,25382
2024-07-31,5096417,1527440,3568977,0
2024-08-01,5096417,1527440,3568977,0
2024-08-02,5119071,1543849,3575222,22654
2024-08-03,5119071,1543849,3575222,0
2024-08-04,5119071,1543849,3575222,0
2024-08-05,5149821,1567027,3582794,30750
2024-08-06,5149821,1567027,3582794,0
2024-08-07,5149821,1567027,3582794,0
2024-08-08,5168389,1578937,3589452,18568
2024-08-09,5168389,1578937,3589452,0
2024-08-10,5168389,1578937,3589452,0
2024-08-11,5195904,1596783,3599121,27515
2024-08-12,5195904,1596783,3599121,0
2024-08-13,5195904,1596783,3599121,0
2024-08-14,5206362,1603857,3602505,10458
2024-08-15,5185656,1611222,3574434,-20706
2024-08-16,5191443,1613803,3577640,5787
2024-08-17,5201247,1617422,3583825,9804
2024-08-18,5205610,1619081,3586529,4363
2024-08-19,5208143,1620475,3587668,2533
2024-08-20,5215987,1625079,3590908,7844
2024-08-21,5226985,1630153,3596832,10998
2024-08-22,5234601,1634408,3600193,7616
2024-08-23,5238928,1637042,3601886,4327
2024-08-24,5241972,1638462,3603510,3044
2024-08-25,5245127,1640240,3604887,3155
2024-08-26,5250256,1643248,3607008,5129
2024-08-27,5263663,1652729,3610934,13407
2024-08-28,5270460,1656679,3613781,6797
2024-08-29,5275921,1660853,3615068,5461
2024-08-30,5282871,1666431,3616440,6950
2024-08-31,5294415,1676521,3617894,11544
2024-09-01,5298933,1679900,3619033,4518
2024-09-02,5302814,1682569,3620245,3881
2024-09-03,5306661,1685161,3621500,3847
2024-09-04,5311775,1688400,3623375,5114
2024-09-05,5321650,1694400,3627250,9875
2024-09-06,5334281,1700122,3634159,12631
2024-09-07,5345654,1706466,3639188,11373
2024-09-08,5355881,1711790,3644091,10227
2024-09-09,5363625,1716186,3647439,7744
2024-09-10,5370925,1720732,3650193,7300
2024-09-11,5378160,1725702,3652458,7235
2024-09-12,5387540,1731151,3656389,9380
2024-09-13,5395271,1735692,3659579,7731
2024-09-14,5401013,1739198,3661815,5742
2024-09-15,5408264,1742961,3665303,7251
2024-09-16,5414101,1746290,3667811,5837
2024-09-17,5421156,1750476,3670680,7055
2024-09-18,5430057,1755267,3674790,8901
2024-09-19,5437503,1760119,3677384,7446
2024-09-20,5447881,1766017,3681864,10378
2024-09-21,5453412,1769568,3683844,5531
2024-09-22,5459011,1773214,3685797,5599
2024-09-23,5464854,1775878,3688976,5843
2024-09-24,5470395,1778625,3691770,5541
2024-09-25,5474614,1781530,3693084,4219
2024-09-26,5478136,1783886,3694250,3522
2024-09-27,5481623,1786261,3695362,3487
2024-09-28,5486371,1789173,3697198,4748
2024-09-29,5491261,1791973,3699288,4890
2024-09-30,5494768,1793989,3700779,3507
2024-10-01,5497923,1796251,3701672,3155
2024-10-02,5502122,1799151,3702971,4199
2024-10-03,5505659,1801683,3703976,3537
2024-10-04,5509226,1804215,3705011,3567
2024-10-05,5512038,1806085,3705953,2812
2024-10-06,5514482,1807542,3706940,2444
2024-10-07,5516675,1808968,3707707,2193
2024-10-08,5522788,1812601,3710187,6113
2024-10-09,5528498,1816106,3712392,5710
2024-10-10,5532775,1819055,3713720,4277
2024-10-11,5537400,1822373,3715027,4625
2024-10-12,5539901,1824345,3715556,2501
2024-10-13,5541518,1825557,3715961,1617
2024-10-14,5546990,1828884,3718106,5472
2024-10-15,5549058,1830602,3718456,2068
2024-10-16,5551655,1832837,3718818,2597
2024-10-17,5559887,1837935,3721952,8232
2024-10-18,5563200,1840215,3722985,3313
2024-10-19,5567382,1842617,3724765,4182
2024-10-20,5569023,1843484,3725539,1641
2024-10-21,5571660,1845161,3726499,2637
2024-10-22,5575075,1847469,3727606,3415
2024-10-23,5579973,1849980,3729993,4898
2024-10-24,5584782,1852324,3732458,4809
2024-10-25,5592905,1856205,3736700,8123
2024-10-26,5599303,1859355,3739948,6398
2024-10-27,5603089,1860384,3742705,3786
2024-10-28,5605827,1861417,3744410,2738
2024-10-29,5608042,1862274,3745768,2215
2024-10-30,5611425,1864412,3747013,3383
2024-10-31,5614630,1866739,3747891,3205
2024-11-01,5621413,1871411,3750002,6783
2024-11-02,5626263,1874659,3751604,4850
2024-11-03,5629630,1876505,3753125,3367
2024-11-04,5632842,1878418,3754424,3212
2024-11-05,5635998,1880774,3755224,3156
2024-11-06,5640259,1883572,3756687,4261
2024-11-07,5645636,1887320,3758316,5377
2024-11-08,5650638,1890588,3760050,5002
2024-11-09,5655507,1893342,3762165,4869
2024-11-10,5659163,1895181,3763982,3656
2024-11-11,5665309,1898432,3766877,6146
2024-11-12,5672455,1902711,3769744,7146
2024-11-13,5679071,1906841,3772230,6616
2024-11-14,5683765,1909960,3773805,4694
2024-11-15,5688673,1913117,3775556,4908
2024-11-16,5693000,1915779,3777221,4327
2024-11-17,5696490,1918034,3778456,3490
2024-11-18,5698926,1919470,3779456,2436
2024-11-19,5703919,1922500,3781419,4993
2024-11-20,5710125,1926043,3784082,6206
2024-11-21,5716209,1929948,3786261,6084
2024-11-22,5720977,1933381,3787596,4768
2024-11-23,5724752,1936167,3788585,3775
2024-11-24,5726772,1937454,3789318,2020
2024-11-25,5729212,1938976,3790236,2440
2024-11-26,5732742,1940977,3791765,3530
2024-11-27,5739672,1945452,3794220,6930
2024-11-28,5745376,1948966,3796410,5704
2024-11-29,5751236,1952633,3798603,5860
2024-11-30,5754783,1954812,3799971,3547
2024-12-01,5757112,1956721,3800391,2329
2024-12-02,5759581,1958733,3800848,2469
2024-12-03,5764865,1962706,3802159,5284
2024-12-04,5769631,1966284,3803347,4766
2024-12-05,5775354,1970491,3804863,5723
2024-12-06,5780914,1974586,3806328,5560
2024-12-07,5786304,1978364,3807940,5390
2024-12-08,5790533,1981244,3809289,4229
2024-12-09,5794062,1983642,3810420,3529
2024-12-10,5801022,1988073,3812949,6960
2024-12-11,5807471,1992648,3814823,6449
2024-12-12,5814885,1997653,3817232,7414
2024-12-13,5821805,2002454,3819351,6920
2024-12-14,5828697,2007275,3821422,6892
2024-12-15,5835192,2012046,3823146,6495
2024-12-16,5840335,2015430,3824905,5143
2024-12-17,5846748,2019720,3827028,6413
2024-12-18,5852738,2024319,3828419,5990
2024-12-19,5858396,2028666,3829730,5658
2024-12-20,5861508,2031190,3830318,3112
2024-12-21,5864607,2033797,3830810,3099
2024-12-22,5866996,2035869,3831127,2389
2024-12-23,5870072,2038486,3831586,3076
2024-12-24,5873518,2041315,3832203,3446
2024-12-25,5880149,2045769,3834380,6631
2024-12-26,5884447,2048642,3835805,4298
2024-12-27,5889414,2051837,3837577,4967
2024-12-28,5893070,2054326,3838744,3656
2024-12-29,5896042,2055999,3840043,2972
2024-12-30,5899967,2058623,3841344,3925
2024-12-31,5903327,2060459,3842868,3360
2025-01-01,5906850,2062361,3844489,3523
2025-01-02,5909398,2064187,3845211,2548
2025-01-03,5912844,2066599,3846245,3446
2025-01-04,5916173,2068776,3847397,3329
2025-01-05,5918041,2070202,3847839,1868
2025-01-06,5921011,2072169,3848842,2970
2025-01-07,5925411,2075301,3850110,4400
2025-01-08,5930537,2078979,3851558,5126
2025-01-09,5936589,2082832,3853757,6052
2025-01-10,5941668,2086433,3855235,5079
2025-01-11,5947369,2089950,3857419,5701
2025-01-12,5950390,2091841,3858549,3021
2025-01-13,5954213,2094197,3860016,3823
2025-01-14,5961202,2098848,3862354,6989
2025-01-15,5966131,2102338,3863793,4929
2025-01-16,5971166,2105596,3865570,5035
2025-01-17,5974766,2108198,3866568,3600
2025-01-18,5979341,2111323,3868018,4575
2025-01-19,5982237,2113054,3869183,2896
2025-01-20,5986017,2115327,3870690,3780
2025-01-21,5991739,2118863,3872876,5722
2025-01-22,5996910,2122159,3874751,5171
2025-01-23,6000959,2124443,3876516,4049
2025-01-24,6006608,2127400,3879208,5649
2025-01-25,6011406,2130145,3881261,4798
2025-01-26,6014273,2131675,3882598,2867
2025-01-27,6017340,2133115,3884225,3067
2025-01-28,6023943,2136224,3887719,6603
2025-01-29,6028970,2139248,3889722,5027
2025-01-30,6032843,2141811,3891032,3873
2025-01-31,6039192,2145578,3893614,6349
2025-02-01,6043264,2147895,3895369,4072
2025-02-02,6046896,2149519,3897377,3632
2025-02-03,6050969,2151168,3899801,4073
2025-02-04,6057128,2153901,3903227,6159
2025-02-05,6062519,2157210,3905309,5391
2025-02-06,6066351,2159880,3906471,3832
2025-02-07,6070228,2162777,3907451,3877
2025-02-08,6077046,2167923,3909123,6818
2025-02-09,6086467,2175879,3910588,9421
2025-02-10,6101025,2189097,3911928,14558
2025-02-11,6108903,2195692,3913211,7878
2025-02-12,6112785,2198197,3914588,3882
2025-02-13,6117302,2201573,3915729,4517
2025-02-14,6123232,2204919,3918313,5930
2025-02-15,6132631,2210067,3922564,9399
2025-02-16,6138299,2214240,3924059,5668
2025-02-17,6144338,2218748,3925590,6039
2025-02-18,6152002,2224728,3927274,7664
2025-02-19,6162057,2231558,3930499,10055
2025-02-20,6172223,2237217,3935006,10166
2025-02-21,6181375,2243554,3937821,9152
2025-02-22,6189664,2248723,3940941,8289
2025-02-23,6193366,2251551,3941815,3702
2025-02-24,6195976,2253244,3942732,2610
2025-02-25,6199700,2256009,3943691,3724
2025-02-26,6203658,2258739,3944919,3958
2025-02-27,6207365,2261317,3946048,3707
2025-02-28,6211529,2264453,3947076,4164
2025-03-01,6216237,2268115,3948122,4708
2025-03-02,6221453,2272978,3948475,5216
2025-03-03,6223965,2275202,3948763,2512
2025-03-04,6227316,2278346,3948970,3351
2025-03-05,6229468,2280245,3949223,2152
2025-03-06,6232753,2283066,3949687,3285
2025-03-07,6236489,2286557,3949932,3736
2025-03-08,6239350,2289082,3950268,2861
2025-03-09,6240664,2290180,3950484,1314
2025-03-10,6242041,2291409,3950632,1377
2025-03-11,6244088,2293227,3950861,2047
2025-03-12,6246611,2295428,3951183,2523
2025-03-13,6249943,2298310,3951633,3332
2025-03-14,6253111,2301292,3951819,3168
2025-03-15,6256050,2304045,3952005,2939
2025-03-16,6257225,2305030,3952195,1175
2025-03-17,6258896,2306528,3952368,1671
2025-04-25,6351553,2376099,3975454,92657
2025-04-26,6354233,2377637,3976596,2680
2025-04-27,6356872,2378601,3978271,2639
2025-04-28,6358981,2379478,3979503,2109
2025-04-29,6361339,2381135,3980204,2358
2025-04-30,6366459,2384453,3982006,5120
2025-05-01,6371400,2386926,3984474,4941
2025-05-02,6374754,2388368,3986386,3354
2025-05-03,6376839,2389817,3987022,2085
2025-05-04,6378753,2391007,3987746,1914
2025-05-05,6380203,2392007,3988196,1450
2025-05-06,6382601,2393928,3988673,2398
2025-05-07,6384743,2395643,3989100,2142
2025-05-08,6386815,2397499,3989316,2072
2025-05-09,6388890,2399263,3989627,2075
2025-05-10,6391106,2401033,3990073,2216
2025-05-11,6392295,2401949,3990346,1189
2025-05-12,6393760,2402887,3990873,1465
2025-05-13,6396639,2404688,3991951,2879
2025-05-14,6399743,2406566,3993177,3104
2025-05-15,6402280,2408495,3993785,2537
2025-05-16,6404555,2410226,3994329,2275
2025-05-17,6407626,2412974,3994652,3071
2025-05-18,6408712,2413863,3994849,1086
2025-05-19,6410430,2415177,3995253,1718
2025-05-20,6412497,2416899,3995598,2067
2025-05-21,6415103,2418829,3996274,2606
2025-05-22,6418978,2421812,3997166,3875
2025-05-23,6422827,2424516,3998311,3849
2025-05-24,6426225,2426763,3999462,3398
2025-05-25,6430386,2428642,4001744,4161
2025-05-26,6431780,2429663,4002117,1394
2025-05-27,6436878,2432333,4004545,5098
2025-05-28,6441675,2435088,4006587,4797
2025-05-29,6448023,2438347,4009676,6348
2025-05-30,6450747,2440467,4010280,2724
2025-05-31,6453190,2442251,4010939,2443
2025-06-01,6454843,2443316,4011527,1653
2025-06-02,6456229,2444284,4011945,1386
2025-06-03,6458628,2446072,4012556,2399
2025-06-04,6461013,2447646,4013367,2385
2025-06-05,6463221,2449287,4013934,2208
2025-06-06,6467440,2451567,4015873,4219
2025-06-07,6470194,2453207,4016987,2754
2025-06-08,6471446,2454159,4017287,1252
2025-06-09,6472384,2454962,4017422,938
2025-06-10,6474353,2456568,4017785,1969
2025-06-11,6476478,2458142,4018336,2125
2025-06-12,6479270,2460340,4018930,2792
2025-06-13,6481525,2462002,4019523,2255
2025-06-14,6483141,2463329,4019812,1616
2025-06-15,6484522,2464381,4020141,1381
2025-06-16,6485752,2465456,4020296,1230
2025-06-17,6488157,2467409,4020748,2405
2025-06-18,6490685,2469415,4021270,2528
2025-06-19,6493948,2471610,4022338,3263
2025-06-20,6496832,2473615,4023217,2884
2025-06-21,6519656,2481053,4038603,22824
2025-06-22,6578005,2498012,4079993,58349
2025-06-23,6642851,2516739,4126112,64846
2025-06-24,6707750,2536350,4171400,64899
2025-06-25,6710574,2538375,4172199,2824
2025-06-26,6713012,2540113,4172899,2438
2025-06-27,6715091,2541689,4173402,2079
2025-06-28,6717588,2543428,4174160,2497
2025-06-29,6719184,2544379,4174805,1596
2025-06-30,6721014,2545771,4175243,1830
2025-07-01,6724098,2547501,4176597,3084
2025-07-02,6726673,2549118,4177555,2575
2025-07-03,6729767,2551393,4178374,3094
2025-07-04,6732599,2553415,4179184,2832
2025-07-05,6825286,2581170,4244116,92687
2025-07-06,6851604,2589576,4262028,26318
2025-07-07,6853154,2590586,4262568,1550
2025-07-08,6857385,2592885,4264500,4231
2025-07-09,6878741,2598281,4280460,21356
2025-07-10,7014551,2616807,4397744,135810
2025-07-11,7175410,2635303,4540107,160859
2025-07-12,7197642,2647322,4550320,22232
2025-07-13,7220127,2659203,4560924,22485
2025-07-14,7388039,2686679,4701360,167912
2025-07-15,7473717,2706404,4767313,85678
2025-07-16,7576579,2732313,4844266,102862
2025-07-17,7659494,2784481,4875013,82915
2025-07-18,7663078,2786397,4876681,3584
2025-07-19,7685735,2791707,4894028,22657
2025-07-20,7752985,2811430,4941555,67250
2025-07-21,7806747,2815105,4991642,53762
2025-07-22,7887625,2832939,5054686,80878
2025-07-23,8019085,2843525,5175560,131460
2025-07-24,8248597,2863180,5385417,229512
2025-07-25,8288294,2868490,5419804,39697
2025-07-26,8339862,2875729,5464133,51568
2025-07-27,8400206,2887505,5512701,60344
2025-07-28,8461078,2900798,5560280,60872
2025-07-29,8518859,2911272,5607587,57781
2025-07-30,8565248,2915320,5649928,46389
2025-07-31,8617820,2922043,5695777,52572
2025-08-01,8656203,2928244,5727959,38383
2025-08-02,8691655,2933848,5757807,35452
2025-08-03,8727402,2939361,5788041,35747
2025-08-04,8744447,2944483,5799964,17045
2025-08-05,8755066,2950425,5804641,10619
2025-08-06,8765369,2956013,5809356,10303
2025-08-07,8774339,2960799,5813540,8970
2025-08-08,8780144,2964466,5815678,5805
2025-08-09,8788027,2968333,5819694,7883
2025-08-10,8792042,2970337,5821705,4015
2025-08-11,8801105,2974868,5826237,9063
2025-08-12,8814403,2981211,5833192,13298
2025-08-13,8829071,2988503,5840568,14668
2025-08-14,8842658,2995057,5847601,13587
2025-08-15,8860144,3003492,5856652,17486
2025-08-16,8873775,3009481,5864294,13631
2025-08-17,8885461,3015416,5870045,11686
2025-08-18,8891782,3018730,5873052,6321
2025-08-19,8895956,3021712,5874244,4174
2025-08-20,8908320,3025929,5882391,12364
2025-08-21,8914833,3029875,5884958,6513
2025-08-22,8926965,3034008,5892957,12132
2025-08-23,8932237,3037238,5894999,5272
2025-08-24,8936873,3039217,5897656,4636
2025-08-25,8941556,3041293,5900263,4683
2025-08-26,8946802,3043949,5902853,5246
2025-08-27,8951811,3047098,5904713,5009
2025-08-28,8955734,3049949,5905785,3923
2025-08-29,8960413,3052821,5907592,4679
2025-08-30,8967175,3055529,5911646,6762
2025-08-31,8971770,3057053,5914717,4595
2025-09-01,8976766,3059097,5917669,4996
2025-09-02,9036763,3096017,5940746,59997
2025-09-03,9072336,3110269,5962067,35573
2025-09-04,9142575,3121504,6021071,70239
2025-09-05,9156830,3129266,6027564,14255
2025-09-06,9167717,3136041,6031676,10887
2025-09-07,9185975,3143725,6042250,18258
2025-09-08,9204361,3151658,6052703,18386
2025-09-09,9229475,3159825,6069650,25114
2025-09-10,9260467,3167559,6092908,30992
2025-09-11,9278132,3175535,6102597,17665
2025-09-12,9294557,3180847,6113710,16425
2025-09-13,9312592,3185006,6127586,18035
2025-09-14,9323023,3186379,6136644,10431
2025-09-15,9325558,3188127,6137431,2535
2025-09-16,9330982,3190488,6140494,5424
2025-09-17,9337980,3193767,6144213,6998
2025-09-18,9342813,3196739,6146074,4833
2025-09-19,9347724,3200220,6147504,4911
2025-09-20,9351123,3202943,6148180,3399
2025-09-21,9354667,3205110,6149557,3544
2025-09-22,9359424,3207577,6151847,4757
2025-09-23,9369749,3212575,6157174,10325
2025-09-24,9378671,3216189,6162482,8922
2025-09-25,9386315,3220113,6166202,7644
2025-09-26,9395960,3223572,6172388,9645
2025-09-27,9402280,3227821,6174459,6320
2025-09-28,9407524,3231139,6176385,5244
2025-09-29,9410485,3233536,6176949,2961
2025-09-30,9415472,3236309,6179163,4987
2025-10-01,9422004,3240028,6181976,6532
2025-10-02,9427389,3243191,6184198,5385
2025-10-03,9433470,3245904,6187566,6081
2025-10-04,9439215,3248484,6190731,5745
2025-10-05,9443693,3250783,6192910,4478
2025-10-06,9447366,3252501,6194865,3673
2025-10-07,9459197,3255931,6203266,11831
2025-10-08,9468918,3259186,6209732,9721
2025-10-09,9477167,3262352,6214815,8249
2025-10-10,9481331,3265469,6215862,4164
2025-10-11,9485708,3268661,6217047,4377
2025-10-12,9489268,3270884,6218384,3560
2025-10-13,9492607,3272799,6219808,3339
2025-10-14,9496821,3275596,6221225,4214
2025-10-15,9501199,3278626,6222573,4378
2025-10-16,9506215,3281557,6224658,5016
2025-10-17,9516576,3289807,6226769,10361
2025-10-18,9544781,3316630,6228151,28205
2025-10-19,9565906,3334675,6231231,21125
2025-10-20,9582031,3346496,6235535,16125
2025-10-21,9597175,3356862,6240313,15144
2025-10-22,9614523,3370405,6244118,17348
2025-10-23,9633159,3385294,6247865,18636
2025-10-24,9649190,3398740,6250450,16031
2025-10-25,9665062,3411651,6253411,15872
2025-10-26,9680275,3423577,6256698,15213
2025-10-27,9694432,3435224,6259208,14157
2025-10-28,9713820,3452264,6261556,19388
2025-10-29,9736871,3471303,6265568,23051
2025-10-30,9752575,3484179,6268396,15704
2025-10-31,9767069,3496149,6270920,14494
2025-11-01,9779360,3507084,6272276,12291
2025-11-02,9791518,3515703,6275815,12158
2025-11-03,9801092,3523691,6277401,9574
2025-11-04,9812796,3533314,6279482,11704
2025-11-05,9823399,3542556,6280843,10603
2025-11-06,9834100,3552289,6281811,10701
2025-11-07,9844867,3561258,6283609,10767
2025-11-08,9856543,3569306,6287237,11676
2025-11-09,9882831,3584006,6298825,26288
2025-11-10,9914855,3603113,6311742,32024
2025-11-11,9975251,3628159,6347092,60396
2025-11-12,10029745,3649891,6379854,54494
2025-11-13,10088265,3675952,6412313,58520
2025-11-14,10128042,3696738,6431304,39777
2025-11-15,10166044,3719775,6446269,38002
2025-11-16,10177729,3729207,6448522,11685
2025-11-17,10187354,3737209,6450145,9625
2025-11-18,10199618,3747429,6452189,12264
2025-11-19,10241258,3776679,6464579,41640
2025-11-20,10307399,3822305,6485094,66141
2025-11-21,10344198,3847366,6496832,36799
2025-11-22,10381819,3872165,6509654,37621
2025-11-23,10424336,3893915,6530421,42517
2025-11-24,10464815,3920684,6544131,40479
2025-11-25,10505721,3944320,6561401,40906
2025-11-26,10535820,3963625,6572195,30099
2025-11-27,10552773,3978776,6573997,16953
2025-11-28,10569744,3993358,6576386,16971
2025-11-29,10588993,4008456,6580537,19249
2025-11-30,10605173,4024190,6580983,16180
2025-12-01,10611514,4029777,6581737,6341
2025-12-02,10632090,4040719,6591371,20576
2025-12-03,10665257,4057847,6607410,33167
2025-12-04,10710484,4092295,6618189,45227
2025-12-05,10747158,4119605,6627553,36674
2025-12-06,10765361,4132127,6633234,18203
2025-12-07,10773034,4138923,6634111,7673
2025-12-08,10780431,4145019,6635412,7397
2025-12-09,10795759,4155987,6639772,15328
2025-12-10,10807621,4165631,6641990,11862
2025-12-11,10825497,4180348,6645149,17876
2025-12-12,10836834,4190258,6646576,11337
2025-12-13,10846734,4198304,6648430,9900
2025-12-14,10854310,4204853,6649457,7576
2025-12-15,10875506,4210899,6664607,21196
2025-12-16,10919245,4227404,6691841,43739
2025-12-17,10950014,4245011,6705003,30769
2025-12-18,10982475,4260485,6721990,32461
2025-12-19,11014776,4267758,6747018,32301
2025-12-20,11035647,4272317,6763330,20871
2025-12-21,11070381,4277747,6792634,34734
2025-12-22,11213266,4396841,6816425,142885
2025-12-23,11540154,4695466,6844688,326888
2025-12-24,11781683,4912398,6869285,241529
2025-12-25,11938794,5030529,6908265,157111
2025-12-26,12030569,5062207,6968362,91775
2025-12-27,12088026,5069965,7018061,57457
2025-12-28,12143338,5073958,7069380,55312
2025-12-29,12202107,5078158,7123949,58769
2025-12-30,12301668,5085512,7216156,99561
2025-12-31,12395759,5093338,7302421,94091
2026-01-01,12521733,5098665,7423068,125974
2026-01-02,12629801,5103876,7525925,108068
2026-01-03,12728623,5109810,7618813,98822
2026-01-04,12814833,5115625,7699208,86210
2026-01-05,12917630,5121881,7795749,102797
2026-01-06,13021539,5130721,7890818,103909
2026-01-07,13128142,5137436,7990706,106603
2026-01-08,13220073,5145918,8074155,91931
2026-01-09,13323865,5154961,8168904,103792
2026-01-10,13424676,5163450,8261226,100811
2026-01-11,13531137,5169091,8362046,106461
2026-01-12,13618166,5174153,8444013,87029
2026-01-13,13682442,5183312,8499130,64276
2026-01-14,13739857,5192809,8547048,57415
2026-01-15,13815558,5204791,8610767,75701
2026-01-16,13894209,5216101,8678108,78651
2026-01-17,14005768,5224017,8781751,111559
2026-01-18,14108577,5229660,8878917,102809
2026-01-19,14141800,5235901,8905899,33223
2026-01-20,14229711,5248160,8981551,87911
2026-01-21,14308694,5260928,9047766,78983
2026-01-22,14468383,5275520,9192863,159689
2026-01-23,14643790,5289040,9354750,175407
2026-01-24,14925575,5307241,9618334,281785
2026-01-25,15024921,5320431,9704490,99346
2026-01-26,15151914,5333399,9818515,126993
2026-01-27,15259763,5347556,9912207,107849
2026-01-28,15434731,5365687,10069044,174968
2026-01-29,15593842,5382690,10211152,159111
2026-01-30,15702317,5406768,10295549,108475
2026-01-31,15849764,5426100,10423664,147447
2026-02-01,16016594,5438615,10577979,166830
2026-02-02,16163641,5449179,10714462,147047
2026-02-03,16433956,5461888,10972068,270315
2026-02-04,16730223,5478012,11252211,296267
2026-02-05,16968255,5497474,11470781,238032
2026-02-06,17074991,5511119,11563872,106736
2026-02-07,17199468,5530326,11669142,124477
2026-02-08,17366433,5553574,11812859,166965
2026-02-09,17553297,5577635,11975662,186864
2026-02-10,17721954,5601727,12120227,168657
2026-02-11,17895099,5621656,12273443,173145
2026-02-12,18131265,5649485,12481780,236166
2026-02-13,18441378,5665408,12775970,310113
2026-02-14,18573712,5680775,12892937,132334
2026-02-15,18800834,5696042,13104792,227122
2026-02-16,18950600,5705456,13245144,149766
2026-02-17,19084130,5718015,13366115,133530
2026-02-18,19248809,5729116,13519693,164679
2026-02-19,19426966,5742750,13684216,178157
2026-02-20,19636078,5753534,13882544,209112
2026-02-21,19811497,5767774,14043723,175419
2026-02-22,19949500,5782950,14166550,138003
2026-02-23,20100506,5801759,14298747,151006
2026-02-24,20192717,5814780,14377937,92211
2026-02-25,20330048,5837990,14492058,137331
2026-02-26,20423097,5851920,14571177,93049
2026-02-27,20578149,5864241,14713908,155052
2026-02-28,20727792,5875196,14852596,149643
2026-03-01,20799620,5884550,14915070,71828
2026-03-02,20900646,5892514,15008132,101026
2026-03-03,20986057,5903062,15082995,85411
2026-03-04,21074636,5920168,15154468,88579
2026-03-05,21194922,5935858,15259064,120286
2026-03-06,21300793,5959129,15341664,105871
2026-03-07,21482555,5975031,15507524,181762
2026-03-08,21650840,6011440,15639400,168285
2026-03-09,21823541,6077471,15746070,172701
2026-03-10,22066307,6093422,15972885,242766
2026-03-11,22250777,6111819,16138958,184470
2026-03-12,22385279,6140506,16244773,134502
2026-03-13,22764724,6161934,16602790,379445
2026-03-14,23262871,6195505,17067366,498147
2026-03-15,23606781,6247830,17358951,343910
2026-03-16,23792608,6315949,17476659,185827
2026-03-17,23834862,6329878,17504984,42254
2026-03-18,23866665,6343796,17522869,31803
2026-03-19,23902016,6361871,17540145,35351
2026-03-20,24231415,6375077,17856338,329399
2026-03-21,24252327,6375600,17876727,20912
2026-03-22,25072269,6402066,18670203,819942
2026-03-23,25495658,6412493,19083165,423389
2026-03-24,26178049,6435008,19743041,682391
2026-03-25,26752812,6458164,20294648,574763
2026-03-26,27155026,6476934,20678092,402214
2026-03-27,27240289,6492979,20747310,85263
2026-03-28,27310721,6507090,20803631,70432
2026-03-29,27357807,6520298,20837509,47086
2026-03-30,27382568,6526025,20856543,24761
2026-03-31,27447466,6545026,20902440,64898
2026-04-01,27484029,6562930,20921099,36563
2026-04-02,27532268,6582628,20949640,48239
2026-04-03,27567802,6596024,20971778,35534
2026-04-04,27606601,6610850,20995751,38799
2026-04-05,27644380,6625228,21019152,37779
2026-04-06,27678394,6636498,21041896,34014
2026-04-07,27718453,6651004,21067449,40059
2026-04-08,27765718,6667188,21098530,47265
2026-04-09,27805196,6679469,21125727,39478
2026-04-10,27841108,6693408,21147700,35912
2026-04-11,27871098,6705476,21165622,29990
2026-04-12,27898781,6714722,21184059,27683
2026-04-13,27929047,6724739,21204308,30266
2026-04-14,27963826,6742069,21221757,34779
2026-04-15,27998627,6760529,21238098,34801
2026-04-16,28029365,6774111,21255254,30738
2026-04-17,28064798,6789956,21274842,35433
2026-04-18,28092319,6802395,21289924,27521
2026-04-19,28118446,6814019,21304427,26127
2026-04-20,28146324,6826700,21319624,27878
2026-04-21,28178057,6841579,21336478,31733
2026-04-22,28207749,6857391,21350358,29692
2026-04-23,28236908,6872125,21364783,29159
2026-04-24,28265818,6886421,21379397,28910
2026-04-25,28315618,6922228,21393390,49800
2026-04-26,28343446,6935784,21407662,27828
2026-04-27,28369202,6948891,21420311,25756
2026-04-28,28404741,6965233,21439508,35539
2026-04-29,28440296,6980701,21459595,35555
2026-04-30,28471412,6998982,21472430,31116
2026-05-01,28497832,7013348,21484484,26420
2026-05-02,28515968,7025681,21490287,18136
2026-05-03,28533908,7038653,21495255,17940
2026-05-04,28549577,7052293,21497284,15669
2026-05-05,28577944,7075621,21502323,28367
2026-05-06,28577944,7075621,21502323,0
2026-05-07,28577944,7075621,21502323,0
2026-05-08,28577944,7075621,21502323,0
2026-05-09,28754565,7155364,21599201,176621
2026-05-10,28763584,7161861,21601723,9019
2026-05-11,28763584,7161861,21601723,0
2026-05-12,28820653,7202224,21618429,57069
2026-05-13,28852210,7221802,21630408,31557
2026-05-14,28889297,7240027,21649270,37087
2026-05-15,28904616,7247304,21657312,15319
2026-05-16,28904616,7247304,21657312,0
2026-05-17,28904616,7247304,21657312,0
2026-05-18,28904616,7247304,21657312,0
2026-05-27,30119212,7675936,22443276,1214596
2026-05-28,30145802,7692765,22453037,26590
2026-05-29,30171433,7711010,22460423,25631
2026-05-30,30196047,7728389,22467658,24614
2026-05-31,30228532,7753325,22475207,32485
2026-06-01,30262141,7779224,22482917,33609
2026-06-02,30301967,7805368,22496599,39826
2026-06-03,30528659,7873769,22654890,226692
2026-06-04,30799031,7957028,22842003,270372
2026-06-05,31060745,8058825,23001920,261714
2026-06-06,31222922,8181670,23041252,162177
2026-06-07,31301948,8233053,23068895,79026
2026-06-08,31474196,8337190,23137006,172248
2026-06-09,31691218,8464876,23226342,217022
2026-06-10,31909556,8578612,23330944,218338
2026-06-11,32143820,8699755,23444065,234264
2026-06-12,32173004,8720558,23452446,29184
2026-06-13,32201034,8740610,23460424,28030
2026-06-14,32224853,8757947,23466906,23819
2026-06-15,32251636,8778256,23473380,26783
2026-06-16,32280043,8797036,23483007,28407
2026-06-17,32312326,8811541,23500785,32283
2026-06-18,32433135,8896648,23536487,120809
2026-06-19,32619248,9021058,23598190,186113
2026-06-20,32821556,9136330,23685226,202308
2026-06-21,33152500,9194489,23958011,330944
2026-06-22,33769241,9313088,24456153,616741
2026-06-23,34432670,9446199,24986471,663429
2026-06-24,35122117,9570163,25551954,689447
2026-06-25,35840620,9711965,26128655,718503
2026-06-26,36497984,9839097,26658887,657364
2026-06-27,37154659,9951038,27203621,656675
2026-06-28,37821409,10069074,27752335,666750
2026-06-29,38439106,10178809,28260297,617697
2026-06-30,39097997,10298512,28799485,658891
2026-07-01,39560253,10378615,29181638,462256
2026-07-02,39594748,10400585,29194163,34495
2026-07-03,39626610,10422700,29203910,31862
2026-07-04,39659638,10442382,29217256,33028
2026-07-05,39688770,10463173,29225597,29132
2026-07-06,39723572,10485522,29238050,34802
2026-07-07,39723572,10485522,29238050,0
2026-07-08,39723572,10485522,29238050,0
2026-07-09,39723572,10485522,29238050,0
2026-07-10,39723572,10485522,29238050,0
2026-07-11,39723572,10485522,29238050,0
2026-07-12,39723572,10485522,29238050,0
2026-07-13,39723572,10485522,29238050,0
2026-07-14,39723572,10485522,29238050,0
2026-07-15,39723572,10485522,29238050,0
2026-07-16,39723572,10485522,29238050,0
2026-07-17,42498233,11936735,30561498,2774661
2026-07-18,42585859,11979370,30606489,87626
2026-07-19,42655050,12024792,30630258,69191
2026-07-20,42693834,12051763,30642071,38784
2026-07-21,42729536,12079072,30650464,35702
2026-07-22,42763324,12102962,30660362,33788
2026-07-23,42801257,12131570,30669687,37933
2026-07-24,42841065,12159432,30681633,39808
2026-07-25,42883108,12182168,30700940,42043
2026-07-26,42918827,12204081,30714746,35719
2026-07-27,42951794,12225337,30726457,32967
2026-07-28,42991017,12252965,30738052,39223
2026-07-29,43036999,12280393,30756606,45982
2026-07-30,43085520,12308874,30776646,48521
2026-07-31,43142215,12336122,30806093,56695
2026-08-01,43184557,12363288,30821269,42342
2026-08-02,43222037,12390149,30831888,37480
2026-08-03,43264413,12415520,30848893,42376
2026-08-04,43304534,12439218,30865316,40121
2026-08-05,43343216,12464732,30878484,38682
2026-08-06,43373072,12485112,30887960,29856
2026-08-07,43408733,12509585,30899148,35661
2026-08-08,43439278,12528938,30910340,30545
2026-08-09,43469060,12548150,30920910,29782
2026-08-10,43500962,12567616,30933346,31902
2026-08-11,43538913,12586965,30951948,37951
2026-08-12,43574716,12609024,30965692,35803
2026-08-13,43624714,12633569,30991145,49998
2026-08-14,43655837,12654526,31001311,31123
2026-08-15,43687065,12674875,31012190,31228
2026-08-16,43716780,12694067,31022713,29715
2026-08-17,43746977,12713415,31033562,30197
2026-08-18,43781389,12737278,31044111,34412
